peptide,source_headers
AHIIHTLGQDQVLLLSGK,sp|Q8NFU7-4|TET1_HUMAN Isoform 4 of Methylcytosine dioxygenase TET1 OS=Homo sapiens OX=9606 GN=TET1
AHIIHTLGQDQVLLLSGKSWR,sp|Q8NFU7-4|TET1_HUMAN Isoform 4 of Methylcytosine dioxygenase TET1 OS=Homo sapiens OX=9606 GN=TET1
AHIIHTLGQDQVLLLSGKSWRIGMVK,sp|Q8NFU7-4|TET1_HUMAN Isoform 4 of Methylcytosine dioxygenase TET1 OS=Homo sapiens OX=9606 GN=TET1
AHIQSLFSFIGTK,sp|O00255-3|MEN1_HUMAN Isoform 3 of Menin OS=Homo sapiens OX=9606 GN=MEN1
AHIQSLFSFIGTKLDSSGVAFAVVGACQALGLR,sp|O00255-3|MEN1_HUMAN Isoform 3 of Menin OS=Homo sapiens OX=9606 GN=MEN1
DRAHIQSLFSFIGTK,sp|O00255-3|MEN1_HUMAN Isoform 3 of Menin OS=Homo sapiens OX=9606 GN=MEN1
DRAHIQSLFSFIGTKLDSSGVAFAVVGACQALGLR,sp|O00255-3|MEN1_HUMAN Isoform 3 of Menin OS=Homo sapiens OX=9606 GN=MEN1
GPANALWMSPCPEEAAMR,sp|Q5XG87-2|PAPD7_HUMAN Isoform 2 of Terminal nucleotidyltransferase 4A OS=Homo sapiens OX=9606 GN=TENT4A
GPANALWMSPCPEEAAMRR,sp|Q5XG87-2|PAPD7_HUMAN Isoform 2 of Terminal nucleotidyltransferase 4A OS=Homo sapiens OX=9606 GN=TENT4A
GPANALWMSPCPEEAAMRREVVK,sp|Q5XG87-2|PAPD7_HUMAN Isoform 2 of Terminal nucleotidyltransferase 4A OS=Homo sapiens OX=9606 GN=TENT4A
IELYKKTK,sp|Q8NFU7-4|TET1_HUMAN Isoform 4 of Methylcytosine dioxygenase TET1 OS=Homo sapiens OX=9606 GN=TET1
IGMVKKETQ,sp|Q8NFU7-4|TET1_HUMAN Isoform 4 of Methylcytosine dioxygenase TET1 OS=Homo sapiens OX=9606 GN=TET1
KPKVLKIELYK,sp|Q8NFU7-4|TET1_HUMAN Isoform 4 of Methylcytosine dioxygenase TET1 OS=Homo sapiens OX=9606 GN=TET1
KTKAHIIHTLGQDQVLLLSGK,sp|Q8NFU7-4|TET1_HUMAN Isoform 4 of Methylcytosine dioxygenase TET1 OS=Homo sapiens OX=9606 GN=TET1
MDPRVAWIQPEQKGPANALWMSPCPEEAAMR,sp|Q5XG87-2|PAPD7_HUMAN Isoform 2 of Terminal nucleotidyltransferase 4A OS=Homo sapiens OX=9606 GN=TENT4A
STPENSTRPRNINLCS,sp|A1A4Y4-4|IRGM_HUMAN Isoform IRGMd of Immunity-related GTPase family M protein OS=Homo sapiens OX=9606 GN=IRGM
SWRIGMVK,sp|Q8NFU7-4|TET1_HUMAN Isoform 4 of Methylcytosine dioxygenase TET1 OS=Homo sapiens OX=9606 GN=TET1
SWRIGMVKK,sp|Q8NFU7-4|TET1_HUMAN Isoform 4 of Methylcytosine dioxygenase TET1 OS=Homo sapiens OX=9606 GN=TET1
SYFKDRAHIQSLFSFIGTK,sp|O00255-3|MEN1_HUMAN Isoform 3 of Menin OS=Homo sapiens OX=9606 GN=MEN1
TKAHIIHTLGQDQVLLLSGK,sp|Q8NFU7-4|TET1_HUMAN Isoform 4 of Methylcytosine dioxygenase TET1 OS=Homo sapiens OX=9606 GN=TET1
TKAHIIHTLGQDQVLLLSGKSWR,sp|Q8NFU7-4|TET1_HUMAN Isoform 4 of Methylcytosine dioxygenase TET1 OS=Homo sapiens OX=9606 GN=TET1
VAWIQPEQKGPANALWMSPCPEEAAMR,sp|Q5XG87-2|PAPD7_HUMAN Isoform 2 of Terminal nucleotidyltransferase 4A OS=Homo sapiens OX=9606 GN=TENT4A
VAWIQPEQKGPANALWMSPCPEEAAMRR,sp|Q5XG87-2|PAPD7_HUMAN Isoform 2 of Terminal nucleotidyltransferase 4A OS=Homo sapiens OX=9606 GN=TENT4A
VLKIELYK,sp|Q8NFU7-4|TET1_HUMAN Isoform 4 of Methylcytosine dioxygenase TET1 OS=Homo sapiens OX=9606 GN=TET1
VLKIELYKK,sp|Q8NFU7-4|TET1_HUMAN Isoform 4 of Methylcytosine dioxygenase TET1 OS=Homo sapiens OX=9606 GN=TET1
YLKSTPENSTRPRNINLCS,sp|A1A4Y4-4|IRGM_HUMAN Isoform IRGMd of Immunity-related GTPase family M protein OS=Homo sapiens OX=9606 GN=IRGM
