peptide,header,note
DISAPNDGTAQR,"ENSP05030034900.1 pep HG00673.pri.mat.f1_v2:JAHBBY010000029.1:16601144:16602896:-1 gene:ENSG05030019914.1 transcript:ENST05030076334.1 gene_biotype:protein_coding transcript_biotype:nonsense_mediated_decay gene_symbol:TDP1 description:""tyrosyl-DNA phosphodiesterase 1 [Source:HGNC Symbol;Acc:HGNC:18884];parent_gene_display_xref=TDP1""",
DISAPNDGTAQR,"ENSP05030034901.1 pep HG00673.pri.mat.f1_v2:JAHBBY010000029.1:16532837:16602896:-1 gene:ENSG05030019914.1 transcript:ENST05030076335.1 gene_biotype:protein_coding transcript_biotype:protein_coding gene_symbol:TDP1 description:""tyrosyl-DNA phosphodiesterase 1 [Source:HGNC Symbol;Acc:HGNC:18884];parent_gene_display_xref=TDP1""",
DISAPNDGTAQR,"ENSP05030034902.1 pep HG00673.pri.mat.f1_v2:JAHBBY010000029.1:16585419:16602896:-1 gene:ENSG05030019914.1 transcript:ENST05030076336.1 gene_biotype:protein_coding transcript_biotype:protein_coding gene_symbol:TDP1 description:""tyrosyl-DNA phosphodiesterase 1 [Source:HGNC Symbol;Acc:HGNC:18884];parent_gene_display_xref=TDP1""",
DISAPNDGTAQR,"ENSP05030034903.1 pep HG00673.pri.mat.f1_v2:JAHBBY010000029.1:16522879:16602896:-1 gene:ENSG05030019914.1 transcript:ENST05030076337.1 gene_biotype:protein_coding transcript_biotype:protein_coding gene_symbol:TDP1 description:""tyrosyl-DNA phosphodiesterase 1 [Source:HGNC Symbol;Acc:HGNC:18884];parent_gene_display_xref=TDP1""",
DISAPNDGTAQR,"ENSP05030034904.1 pep HG00673.pri.mat.f1_v2:JAHBBY010000029.1:16581419:16602599:-1 gene:ENSG05030019914.1 transcript:ENST05030076338.1 gene_biotype:protein_coding transcript_biotype:protein_coding gene_symbol:TDP1 description:""tyrosyl-DNA phosphodiesterase 1 [Source:HGNC Symbol;Acc:HGNC:18884];parent_gene_display_xref=TDP1""",
DISAPNDGTAQR,"ENSP05030034905.1 pep HG00673.pri.mat.f1_v2:JAHBBY010000029.1:16522879:16602896:-1 gene:ENSG05030019914.1 transcript:ENST05030076339.1 gene_biotype:protein_coding transcript_biotype:protein_coding gene_symbol:TDP1 description:""tyrosyl-DNA phosphodiesterase 1 [Source:HGNC Symbol;Acc:HGNC:18884];parent_gene_display_xref=TDP1""",
DISAPNDGTAQR,"ENSP05030034906.1 pep HG00673.pri.mat.f1_v2:JAHBBY010000029.1:16602442:16602896:-1 gene:ENSG05030019914.1 transcript:ENST05030076341.1 gene_biotype:protein_coding transcript_biotype:protein_coding gene_symbol:TDP1 description:""tyrosyl-DNA phosphodiesterase 1 [Source:HGNC Symbol;Acc:HGNC:18884];parent_gene_display_xref=TDP1""",
DISAPNDGTAQR,"ENSP05030034907.1 pep HG00673.pri.mat.f1_v2:JAHBBY010000029.1:16602459:16602896:-1 gene:ENSG05030019914.1 transcript:ENST05030076343.1 gene_biotype:protein_coding transcript_biotype:protein_coding gene_symbol:TDP1 description:""tyrosyl-DNA phosphodiesterase 1 [Source:HGNC Symbol;Acc:HGNC:18884];parent_gene_display_xref=TDP1""",
DISAPNDGTAQR,"ENSP05030034908.1 pep HG00673.pri.mat.f1_v2:JAHBBY010000029.1:16602454:16602896:-1 gene:ENSG05030019914.1 transcript:ENST05030076344.1 gene_biotype:protein_coding transcript_biotype:protein_coding gene_symbol:TDP1 description:""tyrosyl-DNA phosphodiesterase 1 [Source:HGNC Symbol;Acc:HGNC:18884];parent_gene_display_xref=TDP1""",
DISAPNDGTAQR,"ENSP05030034909.1 pep HG00673.pri.mat.f1_v2:JAHBBY010000029.1:16582880:16602896:-1 gene:ENSG05030019914.1 transcript:ENST05030076345.1 gene_biotype:protein_coding transcript_biotype:nonsense_mediated_decay gene_symbol:TDP1 description:""tyrosyl-DNA phosphodiesterase 1 [Source:HGNC Symbol;Acc:HGNC:18884];parent_gene_display_xref=TDP1""",
DISAPNDGTAQR,"ENSP05030034910.1 pep HG00673.pri.mat.f1_v2:JAHBBY010000029.1:16585443:16602896:-1 gene:ENSG05030019914.1 transcript:ENST05030076346.1 gene_biotype:protein_coding transcript_biotype:nonsense_mediated_decay gene_symbol:TDP1 description:""tyrosyl-DNA phosphodiesterase 1 [Source:HGNC Symbol;Acc:HGNC:18884];parent_gene_display_xref=TDP1""",
DISAPNDGTAQR,"ENSP05030034911.1 pep HG00673.pri.mat.f1_v2:JAHBBY010000029.1:16602412:16602896:-1 gene:ENSG05030019914.1 transcript:ENST05030076347.1 gene_biotype:protein_coding transcript_biotype:protein_coding gene_symbol:TDP1 description:""tyrosyl-DNA phosphodiesterase 1 [Source:HGNC Symbol;Acc:HGNC:18884];parent_gene_display_xref=TDP1""",
DISAPNDGTAQR,"ENSP05030034912.1 pep HG00673.pri.mat.f1_v2:JAHBBY010000029.1:16522860:16602896:-1 gene:ENSG05030019914.1 transcript:ENST05030076348.1 gene_biotype:protein_coding transcript_biotype:protein_coding gene_symbol:TDP1 description:""tyrosyl-DNA phosphodiesterase 1 [Source:HGNC Symbol;Acc:HGNC:18884];parent_gene_display_xref=TDP1""",
DIVSLVPR,"ENSP05030085703.1 pep HG00673.pri.mat.f1_v2:JAHBBY010000042.1:8928503:8961054:-1 gene:ENSG05030048420.1 transcript:ENST05030190632.1 gene_biotype:protein_coding transcript_biotype:protein_coding gene_symbol:ACSL3 description:""acyl-CoA synthetase long chain family member 3 [Source:HGNC Symbol;Acc:HGNC:3570];parent_gene_display_xref=ACSL3""",
DIVSLVPR,"ENSP05030085704.1 pep HG00673.pri.mat.f1_v2:JAHBBY010000042.1:8939192:8961054:-1 gene:ENSG05030048420.1 transcript:ENST05030190636.1 gene_biotype:protein_coding transcript_biotype:nonsense_mediated_decay gene_symbol:ACSL3 description:""acyl-CoA synthetase long chain family member 3 [Source:HGNC Symbol;Acc:HGNC:3570];parent_gene_display_xref=ACSL3""",
DIVSLVPR,"ENSP05030085705.1 pep HG00673.pri.mat.f1_v2:JAHBBY010000042.1:8928503:8961054:-1 gene:ENSG05030048420.1 transcript:ENST05030190637.1 gene_biotype:protein_coding transcript_biotype:protein_coding gene_symbol:ACSL3 description:""acyl-CoA synthetase long chain family member 3 [Source:HGNC Symbol;Acc:HGNC:3570];parent_gene_display_xref=ACSL3""",
DIVSLVPR,"ENSP05030085706.1 pep HG00673.pri.mat.f1_v2:JAHBBY010000042.1:8928503:8961054:-1 gene:ENSG05030048420.1 transcript:ENST05030190638.1 gene_biotype:protein_coding transcript_biotype:protein_coding gene_symbol:ACSL3 description:""acyl-CoA synthetase long chain family member 3 [Source:HGNC Symbol;Acc:HGNC:3570];parent_gene_display_xref=ACSL3""",
DIVSLVPR,"ENSP05030085707.1 pep HG00673.pri.mat.f1_v2:JAHBBY010000042.1:8940918:8961054:-1 gene:ENSG05030048420.1 transcript:ENST05030190639.1 gene_biotype:protein_coding transcript_biotype:nonsense_mediated_decay gene_symbol:ACSL3 description:""acyl-CoA synthetase long chain family member 3 [Source:HGNC Symbol;Acc:HGNC:3570];parent_gene_display_xref=ACSL3""",
DIVSLVPR,"ENSP05030085708.1 pep HG00673.pri.mat.f1_v2:JAHBBY010000042.1:8928503:8961054:-1 gene:ENSG05030048420.1 transcript:ENST05030190640.1 gene_biotype:protein_coding transcript_biotype:protein_coding gene_symbol:ACSL3 description:""acyl-CoA synthetase long chain family member 3 [Source:HGNC Symbol;Acc:HGNC:3570];parent_gene_display_xref=ACSL3""",
DIVSLVPR,"ENSP05030085709.1 pep HG00673.pri.mat.f1_v2:JAHBBY010000042.1:8940918:8961054:-1 gene:ENSG05030048420.1 transcript:ENST05030190643.1 gene_biotype:protein_coding transcript_biotype:nonsense_mediated_decay gene_symbol:ACSL3 description:""acyl-CoA synthetase long chain family member 3 [Source:HGNC Symbol;Acc:HGNC:3570];parent_gene_display_xref=ACSL3""",
DIVSLVPR,"ENSP05030085710.1 pep HG00673.pri.mat.f1_v2:JAHBBY010000042.1:8940918:8961054:-1 gene:ENSG05030048420.1 transcript:ENST05030190644.1 gene_biotype:protein_coding transcript_biotype:nonsense_mediated_decay gene_symbol:ACSL3 description:""acyl-CoA synthetase long chain family member 3 [Source:HGNC Symbol;Acc:HGNC:3570];parent_gene_display_xref=ACSL3""",
DIVSLVPR,"ENSP05030085711.1 pep HG00673.pri.mat.f1_v2:JAHBBY010000042.1:8936509:8961054:-1 gene:ENSG05030048420.1 transcript:ENST05030190645.1 gene_biotype:protein_coding transcript_biotype:nonsense_mediated_decay gene_symbol:ACSL3 description:""acyl-CoA synthetase long chain family member 3 [Source:HGNC Symbol;Acc:HGNC:3570];parent_gene_display_xref=ACSL3""",
DIVSLVPR,"ENSP05030085712.1 pep HG00673.pri.mat.f1_v2:JAHBBY010000042.1:8947071:8961054:-1 gene:ENSG05030048420.1 transcript:ENST05030190647.1 gene_biotype:protein_coding transcript_biotype:nonsense_mediated_decay gene_symbol:ACSL3 description:""acyl-CoA synthetase long chain family member 3 [Source:HGNC Symbol;Acc:HGNC:3570];parent_gene_display_xref=ACSL3""",
DIVSLVPR,"ENSP05030085713.1 pep HG00673.pri.mat.f1_v2:JAHBBY010000042.1:8928503:8961054:-1 gene:ENSG05030048420.1 transcript:ENST05030190648.1 gene_biotype:protein_coding transcript_biotype:protein_coding gene_symbol:ACSL3 description:""acyl-CoA synthetase long chain family member 3 [Source:HGNC Symbol;Acc:HGNC:3570];parent_gene_display_xref=ACSL3""",
DIVSLVPR,"ENSP05030085714.1 pep HG00673.pri.mat.f1_v2:JAHBBY010000042.1:8947071:8961054:-1 gene:ENSG05030048420.1 transcript:ENST05030190650.1 gene_biotype:protein_coding transcript_biotype:nonsense_mediated_decay gene_symbol:ACSL3 description:""acyl-CoA synthetase long chain family member 3 [Source:HGNC Symbol;Acc:HGNC:3570];parent_gene_display_xref=ACSL3""",
DIVSLVPR,"ENSP05030085715.1 pep HG00673.pri.mat.f1_v2:JAHBBY010000042.1:8928503:8961054:-1 gene:ENSG05030048420.1 transcript:ENST05030190651.1 gene_biotype:protein_coding transcript_biotype:protein_coding gene_symbol:ACSL3 description:""acyl-CoA synthetase long chain family member 3 [Source:HGNC Symbol;Acc:HGNC:3570];parent_gene_display_xref=ACSL3""",
DIVSLVPR,"ENSP05030085716.1 pep HG00673.pri.mat.f1_v2:JAHBBY010000042.1:8928503:8953433:-1 gene:ENSG05030048420.1 transcript:ENST05030190652.1 gene_biotype:protein_coding transcript_biotype:protein_coding gene_symbol:ACSL3 description:""acyl-CoA synthetase long chain family member 3 [Source:HGNC Symbol;Acc:HGNC:3570];parent_gene_display_xref=ACSL3""",
DIVSLVPR,"ENSP05030085717.1 pep HG00673.pri.mat.f1_v2:JAHBBY010000042.1:8928503:8961054:-1 gene:ENSG05030048420.1 transcript:ENST05030190653.1 gene_biotype:protein_coding transcript_biotype:protein_coding gene_symbol:ACSL3 description:""acyl-CoA synthetase long chain family member 3 [Source:HGNC Symbol;Acc:HGNC:3570];parent_gene_display_xref=ACSL3""",
DIVSLVPR,"ENSP05030085718.1 pep HG00673.pri.mat.f1_v2:JAHBBY010000042.1:8928503:8961054:-1 gene:ENSG05030048420.1 transcript:ENST05030190654.1 gene_biotype:protein_coding transcript_biotype:protein_coding gene_symbol:ACSL3 description:""acyl-CoA synthetase long chain family member 3 [Source:HGNC Symbol;Acc:HGNC:3570];parent_gene_display_xref=ACSL3""",
DIVSLVPR,"ENSP05030085719.1 pep HG00673.pri.mat.f1_v2:JAHBBY010000042.1:8928503:8961054:-1 gene:ENSG05030048420.1 transcript:ENST05030190655.1 gene_biotype:protein_coding transcript_biotype:protein_coding gene_symbol:ACSL3 description:""acyl-CoA synthetase long chain family member 3 [Source:HGNC Symbol;Acc:HGNC:3570];parent_gene_display_xref=ACSL3""",
DIVSLVPR,"ENSP05030085720.1 pep HG00673.pri.mat.f1_v2:JAHBBY010000042.1:8928503:8961054:-1 gene:ENSG05030048420.1 transcript:ENST05030190656.1 gene_biotype:protein_coding transcript_biotype:protein_coding gene_symbol:ACSL3 description:""acyl-CoA synthetase long chain family member 3 [Source:HGNC Symbol;Acc:HGNC:3570];parent_gene_display_xref=ACSL3""",
DIVSLVPR,"ENSP05030085721.1 pep HG00673.pri.mat.f1_v2:JAHBBY010000042.1:8928503:8961054:-1 gene:ENSG05030048420.1 transcript:ENST05030190657.1 gene_biotype:protein_coding transcript_biotype:protein_coding gene_symbol:ACSL3 description:""acyl-CoA synthetase long chain family member 3 [Source:HGNC Symbol;Acc:HGNC:3570];parent_gene_display_xref=ACSL3""",
DIVSLVPR,"ENSP05030085723.1 pep HG00673.pri.mat.f1_v2:JAHBBY010000042.1:8928503:8961054:-1 gene:ENSG05030048420.1 transcript:ENST05030190659.1 gene_biotype:protein_coding transcript_biotype:protein_coding gene_symbol:ACSL3 description:""acyl-CoA synthetase long chain family member 3 [Source:HGNC Symbol;Acc:HGNC:3570];parent_gene_display_xref=ACSL3""",
DIVSLVPR,"ENSP05030085724.1 pep HG00673.pri.mat.f1_v2:JAHBBY010000042.1:8928503:8961054:-1 gene:ENSG05030048420.1 transcript:ENST05030190660.1 gene_biotype:protein_coding transcript_biotype:protein_coding gene_symbol:ACSL3 description:""acyl-CoA synthetase long chain family member 3 [Source:HGNC Symbol;Acc:HGNC:3570];parent_gene_display_xref=ACSL3""",
DIVSLVPR,"ENSP05030085725.1 pep HG00673.pri.mat.f1_v2:JAHBBY010000042.1:8948476:8953433:-1 gene:ENSG05030048420.1 transcript:ENST05030190663.1 gene_biotype:protein_coding transcript_biotype:protein_coding gene_symbol:ACSL3 description:""acyl-CoA synthetase long chain family member 3 [Source:HGNC Symbol;Acc:HGNC:3570];parent_gene_display_xref=ACSL3""",
DLPPILLVR,"ENSP05030059143.1 pep HG00673.pri.mat.f1_v2:JAHBBY010000004.1:29855601:29958277:1 gene:ENSG05030033722.1 transcript:ENST05030129472.1 gene_biotype:protein_coding transcript_biotype:protein_coding gene_symbol:SLC12A2 description:""solute carrier family 12 member 2 [Source:HGNC Symbol;Acc:HGNC:10911];parent_gene_display_xref=SLC12A2""",
DLPPILLVR,"ENSP05030059145.1 pep HG00673.pri.mat.f1_v2:JAHBBY010000004.1:29855601:29958277:1 gene:ENSG05030033722.1 transcript:ENST05030129474.1 gene_biotype:protein_coding transcript_biotype:protein_coding gene_symbol:SLC12A2 description:""solute carrier family 12 member 2 [Source:HGNC Symbol;Acc:HGNC:10911];parent_gene_display_xref=SLC12A2""",
DNPAFAFLHDK,"ENSP05030019593.1 pep HG00673.pri.mat.f1_v2:JAHBBY010000043.1:39996846:39998259:1 gene:ENSG05030012414.1 transcript:ENST05030044000.1 gene_biotype:protein_coding transcript_biotype:nonsense_mediated_decay gene_symbol:SUGP1 description:""SURP and G-patch domain containing 1 [Source:HGNC Symbol;Acc:HGNC:18643];parent_gene_display_xref=SUGP1""",
DNPAFAFLHDK,"ENSP05030019594.1 pep HG00673.pri.mat.f1_v2:JAHBBY010000043.1:39980179:40024030:1 gene:ENSG05030012414.1 transcript:ENST05030044001.1 gene_biotype:protein_coding transcript_biotype:protein_coding gene_symbol:SUGP1 description:""SURP and G-patch domain containing 1 [Source:HGNC Symbol;Acc:HGNC:18643];parent_gene_display_xref=SUGP1""",
DNPAFAFLHDK,"ENSP05030019598.1 pep HG00673.pri.mat.f1_v2:JAHBBY010000043.1:39980204:39998344:1 gene:ENSG05030012414.1 transcript:ENST05030044009.1 gene_biotype:protein_coding transcript_biotype:protein_coding gene_symbol:SUGP1 description:""SURP and G-patch domain containing 1 [Source:HGNC Symbol;Acc:HGNC:18643];parent_gene_display_xref=SUGP1""",
DSPGRPVPVATETSSMHGANETPSGRPR,"ENSP05030011551.1 pep HG00673.pri.mat.f1_v2:JAHBBY010000080.1:11066077:11087667:-1 gene:ENSG05030007529.1 transcript:ENST05030025896.1 gene_biotype:protein_coding transcript_biotype:protein_coding gene_symbol:TACC3 description:""transforming acidic coiled-coil containing protein 3 [Source:HGNC Symbol;Acc:HGNC:11524];parent_gene_display_xref=TACC3""",
DSPGRPVPVATETSSMHGANETPSGRPR,"ENSP05030011552.1 pep HG00673.pri.mat.f1_v2:JAHBBY010000080.1:11066077:11087667:-1 gene:ENSG05030007529.1 transcript:ENST05030025897.1 gene_biotype:protein_coding transcript_biotype:protein_coding gene_symbol:TACC3 description:""transforming acidic coiled-coil containing protein 3 [Source:HGNC Symbol;Acc:HGNC:11524];parent_gene_display_xref=TACC3""",
DSPGRPVPVATETSSMHGANETPSGRPR,"ENSP05030011553.1 pep HG00673.pri.mat.f1_v2:JAHBBY010000080.1:11066077:11087667:-1 gene:ENSG05030007529.1 transcript:ENST05030025899.1 gene_biotype:protein_coding transcript_biotype:protein_coding gene_symbol:TACC3 description:""transforming acidic coiled-coil containing protein 3 [Source:HGNC Symbol;Acc:HGNC:11524];parent_gene_display_xref=TACC3""",
DSPGRPVPVATETSSMHGANETPSGRPR,"ENSP05030011556.1 pep HG00673.pri.mat.f1_v2:JAHBBY010000080.1:11066077:11087667:-1 gene:ENSG05030007529.1 transcript:ENST05030025902.1 gene_biotype:protein_coding transcript_biotype:protein_coding gene_symbol:TACC3 description:""transforming acidic coiled-coil containing protein 3 [Source:HGNC Symbol;Acc:HGNC:11524];parent_gene_display_xref=TACC3""",
DSPGRPVPVATETSSMHGANETPSGRPR,"ENSP05030011558.1 pep HG00673.pri.mat.f1_v2:JAHBBY010000080.1:11072698:11082674:-1 gene:ENSG05030007529.1 transcript:ENST05030025906.1 gene_biotype:protein_coding transcript_biotype:nonsense_mediated_decay gene_symbol:TACC3 description:""transforming acidic coiled-coil containing protein 3 [Source:HGNC Symbol;Acc:HGNC:11524];parent_gene_display_xref=TACC3""",
DVIINQEGEYIK,"ENSP05030100232.1 pep HG00673.pri.mat.f1_v2:JAHBBY010000098.1:26102040:26262660:-1 gene:ENSG05030056573.1 transcript:ENST05030223367.1 gene_biotype:protein_coding transcript_biotype:protein_coding gene_symbol:EML4 description:""EMAP like 4 [Source:HGNC Symbol;Acc:HGNC:1316];parent_gene_display_xref=EML4""",
DVIINQEGEYIK,"ENSP05030100233.1 pep HG00673.pri.mat.f1_v2:JAHBBY010000098.1:26102040:26262660:-1 gene:ENSG05030056573.1 transcript:ENST05030223370.1 gene_biotype:protein_coding transcript_biotype:protein_coding gene_symbol:EML4 description:""EMAP like 4 [Source:HGNC Symbol;Acc:HGNC:1316];parent_gene_display_xref=EML4""",
EGGSAGLIPSQFLEEK,"ENSP05030049167.1 pep HG00673.pri.mat.f1_v2:JAHBBY010000091.1:18046809:18110433:-1 gene:ENSG05030028025.1 transcript:ENST05030107327.1 gene_biotype:protein_coding transcript_biotype:protein_coding gene_symbol:MPP6 description:""membrane palmitoylated protein 6 [Source:HGNC Symbol;Acc:HGNC:18167];parent_gene_display_xref=MPP6""",
EGGSAGLIPSQFLEEK,"ENSP05030049168.1 pep HG00673.pri.mat.f1_v2:JAHBBY010000091.1:18046809:18084736:-1 gene:ENSG05030028025.1 transcript:ENST05030107328.1 gene_biotype:protein_coding transcript_biotype:protein_coding gene_symbol:MPP6 description:""membrane palmitoylated protein 6 [Source:HGNC Symbol;Acc:HGNC:18167];parent_gene_display_xref=MPP6""",
EGGSAGLIPSQFLEEK,"ENSP05030049169.1 pep HG00673.pri.mat.f1_v2:JAHBBY010000091.1:18046809:18110433:-1 gene:ENSG05030028025.1 transcript:ENST05030107329.1 gene_biotype:protein_coding transcript_biotype:protein_coding gene_symbol:MPP6 description:""membrane palmitoylated protein 6 [Source:HGNC Symbol;Acc:HGNC:18167];parent_gene_display_xref=MPP6""",
EGGSAGLIPSQFLEEK,"ENSP05030049170.1 pep HG00673.pri.mat.f1_v2:JAHBBY010000091.1:18068369:18110433:-1 gene:ENSG05030028025.1 transcript:ENST05030107330.1 gene_biotype:protein_coding transcript_biotype:protein_coding gene_symbol:MPP6 description:""membrane palmitoylated protein 6 [Source:HGNC Symbol;Acc:HGNC:18167];parent_gene_display_xref=MPP6""",
EVLHSYLR,"ENSP05030016260.1 pep HG00673.pri.mat.f1_v2:JAHBBY010000143.1:1958538:1971134:-1 gene:ENSG05030010782.1 transcript:ENST05030037244.1 gene_biotype:protein_coding transcript_biotype:protein_coding gene_symbol:PMPCA description:""peptidase, mitochondrial processing subunit alpha [Source:HGNC Symbol;Acc:HGNC:18667];parent_gene_display_xref=PMPCA""",
EVLHSYLR,"ENSP05030016261.1 pep HG00673.pri.mat.f1_v2:JAHBBY010000143.1:1958538:1969289:-1 gene:ENSG05030010782.1 transcript:ENST05030037246.1 gene_biotype:protein_coding transcript_biotype:protein_coding gene_symbol:PMPCA description:""peptidase, mitochondrial processing subunit alpha [Source:HGNC Symbol;Acc:HGNC:18667];parent_gene_display_xref=PMPCA""",
FALITWIGENVSGLQR,"ENSP05030075757.1 pep HG00673.pri.mat.f1_v2:JAHBBY010000093.1:19474092:19525134:-1 gene:ENSG05030043169.1 transcript:ENST05030168439.1 gene_biotype:protein_coding transcript_biotype:protein_coding gene_symbol:COTL1 description:""coactosin like F-actin binding protein 1 [Source:HGNC Symbol;Acc:HGNC:18304];parent_gene_display_xref=COTL1""",
FALITWIGENVSGLQR,"ENSP05030075758.1 pep HG00673.pri.mat.f1_v2:JAHBBY010000093.1:19474092:19497448:-1 gene:ENSG05030043169.1 transcript:ENST05030168441.1 gene_biotype:protein_coding transcript_biotype:protein_coding gene_symbol:COTL1 description:""coactosin like F-actin binding protein 1 [Source:HGNC Symbol;Acc:HGNC:18304];parent_gene_display_xref=COTL1""",
FDPGTSIK,"ENSP05030079975.1 pep HG00673.pri.mat.f1_v2:JAHBBY010000025.1:6978208:7009368:1 gene:ENSG05030045598.1 transcript:ENST05030178261.1 gene_biotype:protein_coding transcript_biotype:protein_coding gene_symbol:CR2 description:""complement C3d receptor 2 [Source:HGNC Symbol;Acc:HGNC:2336];parent_gene_display_xref=CR2""",
FDPGTSIK,"ENSP05030079976.1 pep HG00673.pri.mat.f1_v2:JAHBBY010000025.1:6978208:7009368:1 gene:ENSG05030045598.1 transcript:ENST05030178262.1 gene_biotype:protein_coding transcript_biotype:protein_coding gene_symbol:CR2 description:""complement C3d receptor 2 [Source:HGNC Symbol;Acc:HGNC:2336];parent_gene_display_xref=CR2""",
FDPGTSIK,"ENSP05030079977.1 pep HG00673.pri.mat.f1_v2:JAHBBY010000025.1:6978208:7009368:1 gene:ENSG05030045598.1 transcript:ENST05030178263.1 gene_biotype:protein_coding transcript_biotype:protein_coding gene_symbol:CR2 description:""complement C3d receptor 2 [Source:HGNC Symbol;Acc:HGNC:2336];parent_gene_display_xref=CR2""",
HYEDAQVPLTNHK,"ENSP05030056605.1 pep HG00673.pri.mat.f1_v2:JAHBBY010000041.1:38781712:38830722:1 gene:ENSG05030032293.1 transcript:ENST05030123882.1 gene_biotype:protein_coding transcript_biotype:protein_coding gene_symbol:USP3 description:""ubiquitin specific peptidase 3 [Source:HGNC Symbol;Acc:HGNC:12626];parent_gene_display_xref=USP3""",
HYEDAQVPLTNHK,"ENSP05030056607.1 pep HG00673.pri.mat.f1_v2:JAHBBY010000041.1:38781712:38867816:1 gene:ENSG05030032293.1 transcript:ENST05030123884.1 gene_biotype:protein_coding transcript_biotype:protein_coding gene_symbol:USP3 description:""ubiquitin specific peptidase 3 [Source:HGNC Symbol;Acc:HGNC:12626];parent_gene_display_xref=USP3""",
HYEDAQVPLTNHK,"ENSP05030056612.1 pep HG00673.pri.mat.f1_v2:JAHBBY010000041.1:38806127:38833731:1 gene:ENSG05030032293.1 transcript:ENST05030123890.1 gene_biotype:protein_coding transcript_biotype:protein_coding gene_symbol:USP3 description:""ubiquitin specific peptidase 3 [Source:HGNC Symbol;Acc:HGNC:12626];parent_gene_display_xref=USP3""",
HYEDAQVPLTNHK,"ENSP05030056614.1 pep HG00673.pri.mat.f1_v2:JAHBBY010000041.1:38809592:38867816:1 gene:ENSG05030032293.1 transcript:ENST05030123892.1 gene_biotype:protein_coding transcript_biotype:protein_coding gene_symbol:USP3 description:""ubiquitin specific peptidase 3 [Source:HGNC Symbol;Acc:HGNC:12626];parent_gene_display_xref=USP3""",
HYEDAQVPLTNHK,"ENSP05030056620.1 pep HG00673.pri.mat.f1_v2:JAHBBY010000041.1:38806127:38867816:1 gene:ENSG05030032293.1 transcript:ENST05030123902.1 gene_biotype:protein_coding transcript_biotype:protein_coding gene_symbol:USP3 description:""ubiquitin specific peptidase 3 [Source:HGNC Symbol;Acc:HGNC:12626];parent_gene_display_xref=USP3""",
KVQTEVLQK,"ENSP05030055275.1 pep HG00673.pri.mat.f1_v2:JAHBBY010000084.1:33499768:33507443:-1 gene:ENSG05030031461.1 transcript:ENST05030120870.1 gene_biotype:protein_coding transcript_biotype:protein_coding gene_symbol:EBNA1BP2 description:""EBNA1 binding protein 2 [Source:HGNC Symbol;Acc:HGNC:15531];parent_gene_display_xref=EBNA1BP2""",
KVQTEVLQK,"ENSP05030055276.1 pep HG00673.pri.mat.f1_v2:JAHBBY010000084.1:33499768:33507746:-1 gene:ENSG05030031461.1 transcript:ENST05030120878.1 gene_biotype:protein_coding transcript_biotype:protein_coding gene_symbol:EBNA1BP2 description:""EBNA1 binding protein 2 [Source:HGNC Symbol;Acc:HGNC:15531];parent_gene_display_xref=EBNA1BP2""",
LDGALNR,"ENSP05030069477.1 pep HG00673.pri.mat.f1_v2:JAHBBY010000159.1:74192:207845:1 gene:ENSG05030039362.1 transcript:ENST05030153135.1 gene_biotype:protein_coding transcript_biotype:protein_coding gene_symbol:PHKA1 description:""phosphorylase kinase regulatory subunit alpha 1 [Source:HGNC Symbol;Acc:HGNC:8925];parent_gene_display_xref=PHKA1""",
LDGALNR,"ENSP05030069478.1 pep HG00673.pri.mat.f1_v2:JAHBBY010000159.1:74192:207845:1 gene:ENSG05030039362.1 transcript:ENST05030153136.1 gene_biotype:protein_coding transcript_biotype:protein_coding gene_symbol:PHKA1 description:""phosphorylase kinase regulatory subunit alpha 1 [Source:HGNC Symbol;Acc:HGNC:8925];parent_gene_display_xref=PHKA1""",
LDGALNR,"ENSP05030069479.1 pep HG00673.pri.mat.f1_v2:JAHBBY010000159.1:74192:207845:1 gene:ENSG05030039362.1 transcript:ENST05030153137.1 gene_biotype:protein_coding transcript_biotype:protein_coding gene_symbol:PHKA1 description:""phosphorylase kinase regulatory subunit alpha 1 [Source:HGNC Symbol;Acc:HGNC:8925];parent_gene_display_xref=PHKA1""",
LDGALNR,"ENSP05030069480.1 pep HG00673.pri.mat.f1_v2:JAHBBY010000159.1:74192:207845:1 gene:ENSG05030039362.1 transcript:ENST05030153138.1 gene_biotype:protein_coding transcript_biotype:protein_coding gene_symbol:PHKA1 description:""phosphorylase kinase regulatory subunit alpha 1 [Source:HGNC Symbol;Acc:HGNC:8925];parent_gene_display_xref=PHKA1""",
LDGALNR,"ENSP05030069481.1 pep HG00673.pri.mat.f1_v2:JAHBBY010000159.1:74192:207845:1 gene:ENSG05030039362.1 transcript:ENST05030153139.1 gene_biotype:protein_coding transcript_biotype:protein_coding gene_symbol:PHKA1 description:""phosphorylase kinase regulatory subunit alpha 1 [Source:HGNC Symbol;Acc:HGNC:8925];parent_gene_display_xref=PHKA1""",
LDGPILQILFMNNAISK,"ENSP05030089561.1 pep HG00673.pri.mat.f1_v2:JAHBBY010000087.1:951368:978698:1 gene:ENSG05030050399.1 transcript:ENST05030199081.1 gene_biotype:protein_coding transcript_biotype:protein_coding gene_symbol:ZCCHC8 description:""zinc finger CCHC-type containing 8 [Source:HGNC Symbol;Acc:HGNC:25265];parent_gene_display_xref=ZCCHC8""",
LDGPILQILFMNNAISK,"ENSP05030089563.1 pep HG00673.pri.mat.f1_v2:JAHBBY010000087.1:951368:978698:1 gene:ENSG05030050399.1 transcript:ENST05030199083.1 gene_biotype:protein_coding transcript_biotype:protein_coding gene_symbol:ZCCHC8 description:""zinc finger CCHC-type containing 8 [Source:HGNC Symbol;Acc:HGNC:25265];parent_gene_display_xref=ZCCHC8""",
LFRQDLLVASLFR,"ENSP05030025275.1 pep HG00673.pri.mat.f1_v2:JAHBBY010000105.1:2261560:2690110:-1 gene:ENSG05030015308.1 transcript:ENST05030055988.1 gene_biotype:protein_coding transcript_biotype:protein_coding gene_symbol:RPTOR description:""regulatory associated protein of MTOR complex 1 [Source:HGNC Symbol;Acc:HGNC:30287];parent_gene_display_xref=RPTOR""",
LFRQDLLVASLFR,"ENSP05030025276.1 pep HG00673.pri.mat.f1_v2:JAHBBY010000105.1:2404146:2690110:-1 gene:ENSG05030015308.1 transcript:ENST05030055990.1 gene_biotype:protein_coding transcript_biotype:protein_coding gene_symbol:RPTOR description:""regulatory associated protein of MTOR complex 1 [Source:HGNC Symbol;Acc:HGNC:30287];parent_gene_display_xref=RPTOR""",
LFRQDLLVASLFR,"ENSP05030025277.1 pep HG00673.pri.mat.f1_v2:JAHBBY010000105.1:2261560:2690110:-1 gene:ENSG05030015308.1 transcript:ENST05030055991.1 gene_biotype:protein_coding transcript_biotype:protein_coding gene_symbol:RPTOR description:""regulatory associated protein of MTOR complex 1 [Source:HGNC Symbol;Acc:HGNC:30287];parent_gene_display_xref=RPTOR""",
LGDAVIWGTGQLFQAQQDLLHR,"ENSP05030015800.1 pep HG00673.pri.mat.f1_v2:JAHBBY010000035.1:1049558:1119151:1 gene:ENSG05030010508.1 transcript:ENST05030036215.1 gene_biotype:protein_coding transcript_biotype:protein_coding gene_symbol:NUP160 description:""nucleoporin 160 [Source:HGNC Symbol;Acc:HGNC:18017];parent_gene_display_xref=NUP160""",
LGDAVIWGTGQLFQAQQDLLHR,"ENSP05030015801.1 pep HG00673.pri.mat.f1_v2:JAHBBY010000035.1:1049665:1119151:1 gene:ENSG05030010508.1 transcript:ENST05030036216.1 gene_biotype:protein_coding transcript_biotype:protein_coding gene_symbol:NUP160 description:""nucleoporin 160 [Source:HGNC Symbol;Acc:HGNC:18017];parent_gene_display_xref=NUP160""",
LGDAVIWGTGQLFQAQQDLLHR,"ENSP05030015802.1 pep HG00673.pri.mat.f1_v2:JAHBBY010000035.1:1049644:1105186:1 gene:ENSG05030010508.1 transcript:ENST05030036218.1 gene_biotype:protein_coding transcript_biotype:protein_coding gene_symbol:NUP160 description:""nucleoporin 160 [Source:HGNC Symbol;Acc:HGNC:18017];parent_gene_display_xref=NUP160""",
LLGIPLLQPYTTEER,"ENSP05030069650.1 pep HG00673.pri.mat.f1_v2:JAHBBY010000062.1:7793430:7834835:-1 gene:ENSG05030039500.1 transcript:ENST05030153693.1 gene_biotype:protein_coding transcript_biotype:protein_coding gene_symbol:TBCEL description:""tubulin folding cofactor E like [Source:HGNC Symbol;Acc:HGNC:28115];parent_gene_display_xref=TBCEL""",
LLGIPLLQPYTTEER,"ENSP05030069652.1 pep HG00673.pri.mat.f1_v2:JAHBBY010000062.1:7793430:7834835:-1 gene:ENSG05030039500.1 transcript:ENST05030153695.1 gene_biotype:protein_coding transcript_biotype:protein_coding gene_symbol:TBCEL description:""tubulin folding cofactor E like [Source:HGNC Symbol;Acc:HGNC:28115];parent_gene_display_xref=TBCEL""",
LLGIPLLQPYTTEER,"ENSP05030069654.1 pep HG00673.pri.mat.f1_v2:JAHBBY010000062.1:7793430:7834835:-1 gene:ENSG05030039500.1 transcript:ENST05030153697.1 gene_biotype:protein_coding transcript_biotype:protein_coding gene_symbol:TBCEL description:""tubulin folding cofactor E like [Source:HGNC Symbol;Acc:HGNC:28115];parent_gene_display_xref=TBCEL""",
LLGIPLLQPYTTEER,"ENSP05030069657.1 pep HG00673.pri.mat.f1_v2:JAHBBY010000062.1:7793677:7822924:-1 gene:ENSG05030039500.1 transcript:ENST05030153701.1 gene_biotype:protein_coding transcript_biotype:protein_coding gene_symbol:TBCEL description:""tubulin folding cofactor E like [Source:HGNC Symbol;Acc:HGNC:28115];parent_gene_display_xref=TBCEL""",
LLGPDAAINLTDPDGALAK,"ENSP05030052244.1 pep HG00673.pri.mat.f1_v2:JAHBBY010000034.1:17397798:17414170:-1 gene:ENSG05030029884.1 transcript:ENST05030114352.1 gene_biotype:protein_coding transcript_biotype:protein_coding gene_symbol:DCTN2 description:""dynactin subunit 2 [Source:HGNC Symbol;Acc:HGNC:2712];parent_gene_display_xref=DCTN2""",
LLGPDAAINLTDPDGALAK,"ENSP05030052245.1 pep HG00673.pri.mat.f1_v2:JAHBBY010000034.1:17397798:17414170:-1 gene:ENSG05030029884.1 transcript:ENST05030114354.1 gene_biotype:protein_coding transcript_biotype:protein_coding gene_symbol:DCTN2 description:""dynactin subunit 2 [Source:HGNC Symbol;Acc:HGNC:2712];parent_gene_display_xref=DCTN2""",
LLGPDAAINLTDPDGALAK,"ENSP05030052246.1 pep HG00673.pri.mat.f1_v2:JAHBBY010000034.1:17399715:17414170:-1 gene:ENSG05030029884.1 transcript:ENST05030114357.1 gene_biotype:protein_coding transcript_biotype:nonsense_mediated_decay gene_symbol:DCTN2 description:""dynactin subunit 2 [Source:HGNC Symbol;Acc:HGNC:2712];parent_gene_display_xref=DCTN2""",
LLGPDAAINLTDPDGALAK,"ENSP05030052248.1 pep HG00673.pri.mat.f1_v2:JAHBBY010000034.1:17397798:17402594:-1 gene:ENSG05030029884.1 transcript:ENST05030114359.1 gene_biotype:protein_coding transcript_biotype:protein_coding gene_symbol:DCTN2 description:""dynactin subunit 2 [Source:HGNC Symbol;Acc:HGNC:2712];parent_gene_display_xref=DCTN2""",
LLGPDAAINLTDPDGALAK,"ENSP05030052249.1 pep HG00673.pri.mat.f1_v2:JAHBBY010000034.1:17397798:17414170:-1 gene:ENSG05030029884.1 transcript:ENST05030114360.1 gene_biotype:protein_coding transcript_biotype:protein_coding gene_symbol:DCTN2 description:""dynactin subunit 2 [Source:HGNC Symbol;Acc:HGNC:2712];parent_gene_display_xref=DCTN2""",
LLGPDAAINLTDPDGALAK,"ENSP05030052250.1 pep HG00673.pri.mat.f1_v2:JAHBBY010000034.1:17397798:17414170:-1 gene:ENSG05030029884.1 transcript:ENST05030114361.1 gene_biotype:protein_coding transcript_biotype:protein_coding gene_symbol:DCTN2 description:""dynactin subunit 2 [Source:HGNC Symbol;Acc:HGNC:2712];parent_gene_display_xref=DCTN2""",
LLGPDAAINLTDPDGALAK,"ENSP05030052251.1 pep HG00673.pri.mat.f1_v2:JAHBBY010000034.1:17397798:17414170:-1 gene:ENSG05030029884.1 transcript:ENST05030114362.1 gene_biotype:protein_coding transcript_biotype:protein_coding gene_symbol:DCTN2 description:""dynactin subunit 2 [Source:HGNC Symbol;Acc:HGNC:2712];parent_gene_display_xref=DCTN2""",
LLGPDAAINLTDPDGALAK,"ENSP05030052252.1 pep HG00673.pri.mat.f1_v2:JAHBBY010000034.1:17399192:17414170:-1 gene:ENSG05030029884.1 transcript:ENST05030114363.1 gene_biotype:protein_coding transcript_biotype:nonsense_mediated_decay gene_symbol:DCTN2 description:""dynactin subunit 2 [Source:HGNC Symbol;Acc:HGNC:2712];parent_gene_display_xref=DCTN2""",
LLGPDAAINLTDPDGALAK,"ENSP05030052254.1 pep HG00673.pri.mat.f1_v2:JAHBBY010000034.1:17397798:17402178:-1 gene:ENSG05030029884.1 transcript:ENST05030114365.1 gene_biotype:protein_coding transcript_biotype:protein_coding gene_symbol:DCTN2 description:""dynactin subunit 2 [Source:HGNC Symbol;Acc:HGNC:2712];parent_gene_display_xref=DCTN2""",
LLGPDAAINLTDPDGALAK,"ENSP05030052258.1 pep HG00673.pri.mat.f1_v2:JAHBBY010000034.1:17399902:17414170:-1 gene:ENSG05030029884.1 transcript:ENST05030114369.1 gene_biotype:protein_coding transcript_biotype:protein_coding gene_symbol:DCTN2 description:""dynactin subunit 2 [Source:HGNC Symbol;Acc:HGNC:2712];parent_gene_display_xref=DCTN2""",
LPPGEYVVVPSTFEPNK,"ENSP05030026333.1 pep HG00673.pri.mat.f1_v2:JAHBBY010000092.1:7980669:8009233:-1 gene:ENSG05030015816.1 transcript:ENST05030058229.1 gene_biotype:protein_coding transcript_biotype:protein_coding gene_symbol:CAPN1 description:""calpain 1 [Source:HGNC Symbol;Acc:HGNC:1476];parent_gene_display_xref=CAPN1""",
LPPGEYVVVPSTFEPNK,"ENSP05030026336.1 pep HG00673.pri.mat.f1_v2:JAHBBY010000092.1:7980669:8009233:-1 gene:ENSG05030015816.1 transcript:ENST05030058232.1 gene_biotype:protein_coding transcript_biotype:protein_coding gene_symbol:CAPN1 description:""calpain 1 [Source:HGNC Symbol;Acc:HGNC:1476];parent_gene_display_xref=CAPN1""",
LPPGEYVVVPSTFEPNK,"ENSP05030026337.1 pep HG00673.pri.mat.f1_v2:JAHBBY010000092.1:7980669:8009233:-1 gene:ENSG05030015816.1 transcript:ENST05030058233.1 gene_biotype:protein_coding transcript_biotype:protein_coding gene_symbol:CAPN1 description:""calpain 1 [Source:HGNC Symbol;Acc:HGNC:1476];parent_gene_display_xref=CAPN1""",
LPPGEYVVVPSTFEPNK,"ENSP05030026338.1 pep HG00673.pri.mat.f1_v2:JAHBBY010000092.1:7980669:8009233:-1 gene:ENSG05030015816.1 transcript:ENST05030058235.1 gene_biotype:protein_coding transcript_biotype:protein_coding gene_symbol:CAPN1 description:""calpain 1 [Source:HGNC Symbol;Acc:HGNC:1476];parent_gene_display_xref=CAPN1""",
LPPGEYVVVPSTFEPNK,"ENSP05030026345.1 pep HG00673.pri.mat.f1_v2:JAHBBY010000092.1:7980669:8009233:-1 gene:ENSG05030015816.1 transcript:ENST05030058245.1 gene_biotype:protein_coding transcript_biotype:protein_coding gene_symbol:CAPN1 description:""calpain 1 [Source:HGNC Symbol;Acc:HGNC:1476];parent_gene_display_xref=CAPN1""",
LPQGLPTEENMSNTCLK,"ENSP05030101181.1 pep HG00673.pri.mat.f1_v2:JAHBBY010000147.1:4230121:4239625:-1 gene:ENSG05030057151.1 transcript:ENST05030225468.1 gene_biotype:protein_coding transcript_biotype:protein_coding gene_symbol:MRPL30 description:""mitochondrial ribosomal protein L30 [Source:HGNC Symbol;Acc:HGNC:14036];parent_gene_display_xref=MRPL30""",
LPQGLPTEENMSNTCLK,"ENSP05030101183.1 pep HG00673.pri.mat.f1_v2:JAHBBY010000147.1:4230121:4239625:-1 gene:ENSG05030057151.1 transcript:ENST05030225471.1 gene_biotype:protein_coding transcript_biotype:nonsense_mediated_decay gene_symbol:MRPL30 description:""mitochondrial ribosomal protein L30 [Source:HGNC Symbol;Acc:HGNC:14036];parent_gene_display_xref=MRPL30""",
LPSEPGMTLLTIR,"ENSP05030055971.1 pep HG00673.pri.mat.f1_v2:JAHBBY010000025.1:22172879:22215298:-1 gene:ENSG05030031891.1 transcript:ENST05030122468.1 gene_biotype:protein_coding transcript_biotype:protein_coding gene_symbol:AIDA description:""axin interactor, dorsalization associated [Source:HGNC Symbol;Acc:HGNC:25761];parent_gene_display_xref=AIDA""",
LTTTGQVTSPVK,"ENSP05030037799.1 pep HG00673.pri.mat.f1_v2:JAHBBY010000105.1:48961013:48982514:-1 gene:ENSG05030021661.1 transcript:ENST05030082695.1 gene_biotype:protein_coding transcript_biotype:protein_coding gene_symbol:LIG3 description:""DNA ligase 3 [Source:HGNC Symbol;Acc:HGNC:6600];parent_gene_display_xref=LIG3""",
LTTTGQVTSPVK,"ENSP05030037800.1 pep HG00673.pri.mat.f1_v2:JAHBBY010000105.1:48971090:48984946:-1 gene:ENSG05030021661.1 transcript:ENST05030082696.1 gene_biotype:protein_coding transcript_biotype:protein_coding gene_symbol:LIG3 description:""DNA ligase 3 [Source:HGNC Symbol;Acc:HGNC:6600];parent_gene_display_xref=LIG3""",
LTTTGQVTSPVK,"ENSP05030037801.1 pep HG00673.pri.mat.f1_v2:JAHBBY010000105.1:48962471:48982514:-1 gene:ENSG05030021661.1 transcript:ENST05030082697.1 gene_biotype:protein_coding transcript_biotype:protein_coding gene_symbol:LIG3 description:""DNA ligase 3 [Source:HGNC Symbol;Acc:HGNC:6600];parent_gene_display_xref=LIG3""",
LTTTGQVTSPVK,"ENSP05030037802.1 pep HG00673.pri.mat.f1_v2:JAHBBY010000105.1:48975862:48982253:-1 gene:ENSG05030021661.1 transcript:ENST05030082698.1 gene_biotype:protein_coding transcript_biotype:protein_coding gene_symbol:LIG3 description:""DNA ligase 3 [Source:HGNC Symbol;Acc:HGNC:6600];parent_gene_display_xref=LIG3""",
MTFSEHPYNNLR,"ENSP05030055743.1 pep HG00673.pri.mat.f1_v2:JAHBBY010000228.1:208231:229919:-1 gene:ENSG05030031723.1 transcript:ENST05030121902.1 gene_biotype:protein_coding transcript_biotype:protein_coding gene_symbol:CDK11B description:""cyclin dependent kinase 11B [Source:HGNC Symbol;Acc:HGNC:1729];parent_gene_display_xref=CDK11B""",
MTFSEHPYNNLR,"ENSP05030055744.1 pep HG00673.pri.mat.f1_v2:JAHBBY010000228.1:208231:229919:-1 gene:ENSG05030031723.1 transcript:ENST05030121903.1 gene_biotype:protein_coding transcript_biotype:protein_coding gene_symbol:CDK11B description:""cyclin dependent kinase 11B [Source:HGNC Symbol;Acc:HGNC:1729];parent_gene_display_xref=CDK11B""",
MTFSEHPYNNLR,"ENSP05030055745.1 pep HG00673.pri.mat.f1_v2:JAHBBY010000228.1:208231:229698:-1 gene:ENSG05030031723.1 transcript:ENST05030121904.1 gene_biotype:protein_coding transcript_biotype:protein_coding gene_symbol:CDK11B description:""cyclin dependent kinase 11B [Source:HGNC Symbol;Acc:HGNC:1729];parent_gene_display_xref=CDK11B""",
MTFSEHPYNNLR,"ENSP05030055748.1 pep HG00673.pri.mat.f1_v2:JAHBBY010000228.1:208231:229919:-1 gene:ENSG05030031723.1 transcript:ENST05030121907.1 gene_biotype:protein_coding transcript_biotype:protein_coding gene_symbol:CDK11B description:""cyclin dependent kinase 11B [Source:HGNC Symbol;Acc:HGNC:1729];parent_gene_display_xref=CDK11B""",
MTFSEHPYNNLR,"ENSP05030055749.1 pep HG00673.pri.mat.f1_v2:JAHBBY010000228.1:208231:229919:-1 gene:ENSG05030031723.1 transcript:ENST05030121908.1 gene_biotype:protein_coding transcript_biotype:protein_coding gene_symbol:CDK11B description:""cyclin dependent kinase 11B [Source:HGNC Symbol;Acc:HGNC:1729];parent_gene_display_xref=CDK11B""",
MTFSEHPYNNLR,"ENSP05030055750.1 pep HG00673.pri.mat.f1_v2:JAHBBY010000228.1:208231:229919:-1 gene:ENSG05030031723.1 transcript:ENST05030121909.1 gene_biotype:protein_coding transcript_biotype:protein_coding gene_symbol:CDK11B description:""cyclin dependent kinase 11B [Source:HGNC Symbol;Acc:HGNC:1729];parent_gene_display_xref=CDK11B""",
MTFSEHPYNNLR,"ENSP05030055818.1 pep HG00673.pri.mat.f1_v2:JAHBBY010000228.1:275297:295157:-1 gene:ENSG05030031756.1 transcript:ENST05030122049.1 gene_biotype:protein_coding transcript_biotype:protein_coding gene_symbol:CDK11A description:""cyclin dependent kinase 11A [Source:HGNC Symbol;Acc:HGNC:1730];parent_gene_display_xref=CDK11A""",
MTFSEHPYNNLR,"ENSP05030055819.1 pep HG00673.pri.mat.f1_v2:JAHBBY010000228.1:275297:294938:-1 gene:ENSG05030031756.1 transcript:ENST05030122050.1 gene_biotype:protein_coding transcript_biotype:protein_coding gene_symbol:CDK11A description:""cyclin dependent kinase 11A [Source:HGNC Symbol;Acc:HGNC:1730];parent_gene_display_xref=CDK11A""",
MTFSEHPYNNLR,"ENSP05030055820.1 pep HG00673.pri.mat.f1_v2:JAHBBY010000228.1:275297:294938:-1 gene:ENSG05030031756.1 transcript:ENST05030122053.1 gene_biotype:protein_coding transcript_biotype:protein_coding gene_symbol:CDK11A description:""cyclin dependent kinase 11A [Source:HGNC Symbol;Acc:HGNC:1730];parent_gene_display_xref=CDK11A""",
MTFSEHPYNNLR,"ENSP05030055822.1 pep HG00673.pri.mat.f1_v2:JAHBBY010000228.1:275297:295157:-1 gene:ENSG05030031756.1 transcript:ENST05030122055.1 gene_biotype:protein_coding transcript_biotype:protein_coding gene_symbol:CDK11A description:""cyclin dependent kinase 11A [Source:HGNC Symbol;Acc:HGNC:1730];parent_gene_display_xref=CDK11A""",
MTFSEHPYNNLR,"ENSP05030055823.1 pep HG00673.pri.mat.f1_v2:JAHBBY010000228.1:275297:295157:-1 gene:ENSG05030031756.1 transcript:ENST05030122056.1 gene_biotype:protein_coding transcript_biotype:protein_coding gene_symbol:CDK11A description:""cyclin dependent kinase 11A [Source:HGNC Symbol;Acc:HGNC:1730];parent_gene_display_xref=CDK11A""",
MTFSEHPYNNLR,"ENSP05030055824.1 pep HG00673.pri.mat.f1_v2:JAHBBY010000228.1:275297:295157:-1 gene:ENSG05030031756.1 transcript:ENST05030122057.1 gene_biotype:protein_coding transcript_biotype:protein_coding gene_symbol:CDK11A description:""cyclin dependent kinase 11A [Source:HGNC Symbol;Acc:HGNC:1730];parent_gene_display_xref=CDK11A""",
NSFGVIPSTPLAIHTPLMPNQSIDVSLPLNTLGPVMK,"ENSP05030035686.1 pep HG00673.pri.mat.f1_v2:JAHBBY010000105.1:48241852:48371531:-1 gene:ENSG05030020370.1 transcript:ENST05030078033.1 gene_biotype:protein_coding transcript_biotype:protein_coding gene_symbol:AP2B1 description:""adaptor related protein complex 2 subunit beta 1 [Source:HGNC Symbol;Acc:HGNC:563];parent_gene_display_xref=AP2B1""",
NSFGVIPSTPLAIHTPLMPNQSIDVSLPLNTLGPVMK,"ENSP05030035688.1 pep HG00673.pri.mat.f1_v2:JAHBBY010000105.1:48241852:48371531:-1 gene:ENSG05030020370.1 transcript:ENST05030078035.1 gene_biotype:protein_coding transcript_biotype:protein_coding gene_symbol:AP2B1 description:""adaptor related protein complex 2 subunit beta 1 [Source:HGNC Symbol;Acc:HGNC:563];parent_gene_display_xref=AP2B1""",
NSFGVIPSTPLAIHTPLMPNQSIDVSLPLNTLGPVMK,"ENSP05030035693.1 pep HG00673.pri.mat.f1_v2:JAHBBY010000105.1:48241852:48371531:-1 gene:ENSG05030020370.1 transcript:ENST05030078040.1 gene_biotype:protein_coding transcript_biotype:protein_coding gene_symbol:AP2B1 description:""adaptor related protein complex 2 subunit beta 1 [Source:HGNC Symbol;Acc:HGNC:563];parent_gene_display_xref=AP2B1""",
NSFGVIPSTPLAIHTPLMPNQSIDVSLPLNTLGPVMK,"ENSP05030035701.1 pep HG00673.pri.mat.f1_v2:JAHBBY010000105.1:48241852:48371531:-1 gene:ENSG05030020370.1 transcript:ENST05030078051.1 gene_biotype:protein_coding transcript_biotype:protein_coding gene_symbol:AP2B1 description:""adaptor related protein complex 2 subunit beta 1 [Source:HGNC Symbol;Acc:HGNC:563];parent_gene_display_xref=AP2B1""",
NSILFLNSLDAK,"ENSP05030084268.1 pep HG00673.pri.mat.f1_v2:JAHBBY010000046.1:15913539:15972581:1 gene:ENSG05030047669.1 transcript:ENST05030187665.1 gene_biotype:protein_coding transcript_biotype:protein_coding gene_symbol:DNAJC10 description:""DnaJ heat shock protein family (Hsp40) member C10 [Source:HGNC Symbol;Acc:HGNC:24637];parent_gene_display_xref=DNAJC10""",
NSILFLNSLDAK,"ENSP05030084271.1 pep HG00673.pri.mat.f1_v2:JAHBBY010000046.1:15913539:15972581:1 gene:ENSG05030047669.1 transcript:ENST05030187668.1 gene_biotype:protein_coding transcript_biotype:protein_coding gene_symbol:DNAJC10 description:""DnaJ heat shock protein family (Hsp40) member C10 [Source:HGNC Symbol;Acc:HGNC:24637];parent_gene_display_xref=DNAJC10""",
NSILFLNSLDAK,"ENSP05030084283.1 pep HG00673.pri.mat.f1_v2:JAHBBY010000046.1:15913614:15972581:1 gene:ENSG05030047669.1 transcript:ENST05030187687.1 gene_biotype:protein_coding transcript_biotype:protein_coding gene_symbol:DNAJC10 description:""DnaJ heat shock protein family (Hsp40) member C10 [Source:HGNC Symbol;Acc:HGNC:24637];parent_gene_display_xref=DNAJC10""",
NSTPSEPGSGRGPPQEEEEEEDEEEEATK,"ENSP05030085796.1 pep HG00673.pri.mat.f1_v2:JAHBBY010000030.1:6924980:6932966:-1 gene:ENSG05030048458.1 transcript:ENST05030190821.1 gene_biotype:protein_coding transcript_biotype:protein_coding gene_symbol:HDGF description:""heparin binding growth factor [Source:HGNC Symbol;Acc:HGNC:4856];parent_gene_display_xref=HDGF""",
NSTPSEPGSGRGPPQEEEEEEDEEEEATK,"ENSP05030085797.1 pep HG00673.pri.mat.f1_v2:JAHBBY010000030.1:6924980:6932966:-1 gene:ENSG05030048458.1 transcript:ENST05030190822.1 gene_biotype:protein_coding transcript_biotype:protein_coding gene_symbol:HDGF description:""heparin binding growth factor [Source:HGNC Symbol;Acc:HGNC:4856];parent_gene_display_xref=HDGF""",
NSTPSEPGSGRGPPQEEEEEEDEEEEATK,"ENSP05030085798.1 pep HG00673.pri.mat.f1_v2:JAHBBY010000030.1:6924980:6933640:-1 gene:ENSG05030048458.1 transcript:ENST05030190823.1 gene_biotype:protein_coding transcript_biotype:protein_coding gene_symbol:HDGF description:""heparin binding growth factor [Source:HGNC Symbol;Acc:HGNC:4856];parent_gene_display_xref=HDGF""",
NSTPSEPGSGRGPPQEEEEEEDEEEEATK,"ENSP05030085799.1 pep HG00673.pri.mat.f1_v2:JAHBBY010000030.1:6924980:6933900:-1 gene:ENSG05030048458.1 transcript:ENST05030190827.1 gene_biotype:protein_coding transcript_biotype:protein_coding gene_symbol:HDGF description:""heparin binding growth factor [Source:HGNC Symbol;Acc:HGNC:4856];parent_gene_display_xref=HDGF""",
RLDSARPHFMSQF,"ENSP05030013844.1 pep HG00673.pri.mat.f1_v2:JAHBBY010000106.1:8483270:8548814:-1 gene:ENSG05030009163.1 transcript:ENST05030031407.1 gene_biotype:protein_coding transcript_biotype:protein_coding gene_symbol:METAP1 description:""methionyl aminopeptidase 1 [Source:HGNC Symbol;Acc:HGNC:15789];parent_gene_display_xref=METAP1""",
RLDSARPHFMSQF,"ENSP05030013849.1 pep HG00673.pri.mat.f1_v2:JAHBBY010000106.1:8483270:8501338:-1 gene:ENSG05030009163.1 transcript:ENST05030031416.1 gene_biotype:protein_coding transcript_biotype:protein_coding gene_symbol:METAP1 description:""methionyl aminopeptidase 1 [Source:HGNC Symbol;Acc:HGNC:15789];parent_gene_display_xref=METAP1""",
RLDSARPHFMSQF,"ENSP05030013850.1 pep HG00673.pri.mat.f1_v2:JAHBBY010000106.1:8483270:8499397:-1 gene:ENSG05030009163.1 transcript:ENST05030031417.1 gene_biotype:protein_coding transcript_biotype:protein_coding gene_symbol:METAP1 description:""methionyl aminopeptidase 1 [Source:HGNC Symbol;Acc:HGNC:15789];parent_gene_display_xref=METAP1""",
SEDDYEPIITYQFPK,"ENSP05030060819.1 pep HG00673.pri.mat.f1_v2:JAHBBY010000109.1:24481684:24494539:-1 gene:ENSG05030034655.1 transcript:ENST05030133256.1 gene_biotype:protein_coding transcript_biotype:protein_coding gene_symbol:DENND2D description:""DENN domain containing 2D [Source:HGNC Symbol;Acc:HGNC:26192];parent_gene_display_xref=DENND2D""",
SEDDYEPIITYQFPK,"ENSP05030060820.1 pep HG00673.pri.mat.f1_v2:JAHBBY010000109.1:24481684:24498443:-1 gene:ENSG05030034655.1 transcript:ENST05030133258.1 gene_biotype:protein_coding transcript_biotype:protein_coding gene_symbol:DENND2D description:""DENN domain containing 2D [Source:HGNC Symbol;Acc:HGNC:26192];parent_gene_display_xref=DENND2D""",
SGAVASLLSK,"ENSP05030091384.1 pep HG00673.pri.mat.f1_v2:JAHBBY010000004.1:41461053:41463436:1 gene:ENSG05030051327.1 transcript:ENST05030203160.1 gene_biotype:protein_coding transcript_biotype:protein_coding gene_symbol:CXXC5 description:""CXXC finger protein 5 [Source:HGNC Symbol;Acc:HGNC:26943];parent_gene_display_xref=CXXC5""",
SGAVASLLSK,"ENSP05030091386.1 pep HG00673.pri.mat.f1_v2:JAHBBY010000004.1:41461053:41461535:1 gene:ENSG05030051327.1 transcript:ENST05030203162.1 gene_biotype:protein_coding transcript_biotype:protein_coding gene_symbol:CXXC5 description:""CXXC finger protein 5 [Source:HGNC Symbol;Acc:HGNC:26943];parent_gene_display_xref=CXXC5""",
SGAVASLLSK,"ENSP05030091389.1 pep HG00673.pri.mat.f1_v2:JAHBBY010000004.1:41461053:41463436:1 gene:ENSG05030051327.1 transcript:ENST05030203165.1 gene_biotype:protein_coding transcript_biotype:protein_coding gene_symbol:CXXC5 description:""CXXC finger protein 5 [Source:HGNC Symbol;Acc:HGNC:26943];parent_gene_display_xref=CXXC5""",
SGAVASLLSK,"ENSP05030091392.1 pep HG00673.pri.mat.f1_v2:JAHBBY010000004.1:41461053:41461595:1 gene:ENSG05030051327.1 transcript:ENST05030203168.1 gene_biotype:protein_coding transcript_biotype:protein_coding gene_symbol:CXXC5 description:""CXXC finger protein 5 [Source:HGNC Symbol;Acc:HGNC:26943];parent_gene_display_xref=CXXC5""",
SGAVASLLSK,"ENSP05030091394.1 pep HG00673.pri.mat.f1_v2:JAHBBY010000004.1:41461053:41461642:1 gene:ENSG05030051327.1 transcript:ENST05030203170.1 gene_biotype:protein_coding transcript_biotype:protein_coding gene_symbol:CXXC5 description:""CXXC finger protein 5 [Source:HGNC Symbol;Acc:HGNC:26943];parent_gene_display_xref=CXXC5""",
SGGNSYGSGGASYNPGSHGGYGGGSGGGSSYQGK,"ENSP05030004534.1 pep HG00673.pri.mat.f1_v2:JAHBBY010000043.1:48626294:48644986:-1 gene:ENSG05030002948.1 transcript:ENST05030009988.1 gene_biotype:protein_coding transcript_biotype:protein_coding gene_symbol:ILF3 description:""interleukin enhancer binding factor 3 [Source:HGNC Symbol;Acc:HGNC:6038];parent_gene_display_xref=ILF3""",
SGGNSYGSGGASYNPGSHGGYGGGSGGGSSYQGK,"ENSP05030004545.1 pep HG00673.pri.mat.f1_v2:JAHBBY010000043.1:48626294:48644986:-1 gene:ENSG05030002948.1 transcript:ENST05030010000.1 gene_biotype:protein_coding transcript_biotype:protein_coding gene_symbol:ILF3 description:""interleukin enhancer binding factor 3 [Source:HGNC Symbol;Acc:HGNC:6038];parent_gene_display_xref=ILF3""",
SGGNSYGSGGASYNPGSHGGYGGGSGGGSSYQGK,"ENSP05030004546.1 pep HG00673.pri.mat.f1_v2:JAHBBY010000043.1:48626294:48644986:-1 gene:ENSG05030002948.1 transcript:ENST05030010001.1 gene_biotype:protein_coding transcript_biotype:protein_coding gene_symbol:ILF3 description:""interleukin enhancer binding factor 3 [Source:HGNC Symbol;Acc:HGNC:6038];parent_gene_display_xref=ILF3""",
SGGNSYGSGGASYNPGSHGGYGGGSGGGSSYQGK,"ENSP05030004553.1 pep HG00673.pri.mat.f1_v2:JAHBBY010000043.1:48626294:48631850:-1 gene:ENSG05030002948.1 transcript:ENST05030010009.1 gene_biotype:protein_coding transcript_biotype:protein_coding gene_symbol:ILF3 description:""interleukin enhancer binding factor 3 [Source:HGNC Symbol;Acc:HGNC:6038];parent_gene_display_xref=ILF3""",
SLVQNNCLSRPNIFLCPEIEPK,"ENSP05030045351.1 pep HG00673.pri.mat.f1_v2:JAHBBY010000034.1:16030222:16055992:-1 gene:ENSG05030025861.1 transcript:ENST05030098905.1 gene_biotype:protein_coding transcript_biotype:protein_coding gene_symbol:SMARCC2 description:""SWI/SNF related, matrix associated, actin dependent regulator of chromatin subfamily c member 2 [Source:HGNC Symbol;Acc:HGNC:11105];parent_gene_display_xref=SMARCC2""",
SLVQNNCLSRPNIFLCPEIEPK,"ENSP05030045352.1 pep HG00673.pri.mat.f1_v2:JAHBBY010000034.1:16030222:16055992:-1 gene:ENSG05030025861.1 transcript:ENST05030098906.1 gene_biotype:protein_coding transcript_biotype:protein_coding gene_symbol:SMARCC2 description:""SWI/SNF related, matrix associated, actin dependent regulator of chromatin subfamily c member 2 [Source:HGNC Symbol;Acc:HGNC:11105];parent_gene_display_xref=SMARCC2""",
SLVQNNCLSRPNIFLCPEIEPK,"ENSP05030045353.1 pep HG00673.pri.mat.f1_v2:JAHBBY010000034.1:16030222:16055992:-1 gene:ENSG05030025861.1 transcript:ENST05030098907.1 gene_biotype:protein_coding transcript_biotype:protein_coding gene_symbol:SMARCC2 description:""SWI/SNF related, matrix associated, actin dependent regulator of chromatin subfamily c member 2 [Source:HGNC Symbol;Acc:HGNC:11105];parent_gene_display_xref=SMARCC2""",
SLVQNNCLSRPNIFLCPEIEPK,"ENSP05030045355.1 pep HG00673.pri.mat.f1_v2:JAHBBY010000034.1:16030222:16055992:-1 gene:ENSG05030025861.1 transcript:ENST05030098909.1 gene_biotype:protein_coding transcript_biotype:protein_coding gene_symbol:SMARCC2 description:""SWI/SNF related, matrix associated, actin dependent regulator of chromatin subfamily c member 2 [Source:HGNC Symbol;Acc:HGNC:11105];parent_gene_display_xref=SMARCC2""",
TDLETSPGAAPR,"ENSP05030064423.1 pep HG00673.pri.mat.f1_v2:JAHBBY010000093.1:2519966:2532237:1 gene:ENSG05030036604.1 transcript:ENST05030141717.1 gene_biotype:protein_coding transcript_biotype:protein_coding gene_symbol:CARMIL2 description:""capping protein regulator and myosin 1 linker 2 [Source:HGNC Symbol;Acc:HGNC:27089];parent_gene_display_xref=CARMIL2""",
TDLETSPGAAPR,"ENSP05030064425.1 pep HG00673.pri.mat.f1_v2:JAHBBY010000093.1:2519966:2532237:1 gene:ENSG05030036604.1 transcript:ENST05030141720.1 gene_biotype:protein_coding transcript_biotype:protein_coding gene_symbol:CARMIL2 description:""capping protein regulator and myosin 1 linker 2 [Source:HGNC Symbol;Acc:HGNC:27089];parent_gene_display_xref=CARMIL2""",
TLEIQMK,"ENSP05030002171.1 pep HG00673.pri.mat.f1_v2:JAHBBY010000032.1:15959737:15989190:-1 gene:ENSG05030001434.1 transcript:ENST05030004883.1 gene_biotype:protein_coding transcript_biotype:protein_coding gene_symbol:CCDC168 description:""coiled-coil domain containing 168 [Source:HGNC Symbol;Acc:HGNC:26851];parent_gene_display_xref=CCDC168""",
TMIISPERLDPFADGGK,"ENSP05030074844.1 pep HG00673.pri.mat.f1_v2:JAHBBY010000127.1:2889467:2932157:-1 gene:ENSG05030042574.1 transcript:ENST05030166317.1 gene_biotype:protein_coding transcript_biotype:protein_coding gene_symbol:SF3B1 description:""splicing factor 3b subunit 1 [Source:HGNC Symbol;Acc:HGNC:10768];parent_gene_display_xref=SF3B1""",
VADLILEK,"ENSP05030040235.1 pep HG00673.pri.mat.f1_v2:JAHBBY010000010.1:32260047:32303926:1 gene:ENSG05030023049.1 transcript:ENST05030087833.1 gene_biotype:protein_coding transcript_biotype:protein_coding gene_symbol:VPS50 description:""VPS50 subunit of EARP/GARPII complex [Source:HGNC Symbol;Acc:HGNC:25956];parent_gene_display_xref=VPS50""",
VADLILEK,"ENSP05030040236.1 pep HG00673.pri.mat.f1_v2:JAHBBY010000010.1:32260047:32386011:1 gene:ENSG05030023049.1 transcript:ENST05030087834.1 gene_biotype:protein_coding transcript_biotype:protein_coding gene_symbol:VPS50 description:""VPS50 subunit of EARP/GARPII complex [Source:HGNC Symbol;Acc:HGNC:25956];parent_gene_display_xref=VPS50""",
VADLILEK,"ENSP05030040239.1 pep HG00673.pri.mat.f1_v2:JAHBBY010000010.1:32260047:32285966:1 gene:ENSG05030023049.1 transcript:ENST05030087837.1 gene_biotype:protein_coding transcript_biotype:protein_coding gene_symbol:VPS50 description:""VPS50 subunit of EARP/GARPII complex [Source:HGNC Symbol;Acc:HGNC:25956];parent_gene_display_xref=VPS50""",
VADLILEK,"ENSP05030040244.1 pep HG00673.pri.mat.f1_v2:JAHBBY010000010.1:32273697:32386011:1 gene:ENSG05030023049.1 transcript:ENST05030087853.1 gene_biotype:protein_coding transcript_biotype:protein_coding gene_symbol:VPS50 description:""VPS50 subunit of EARP/GARPII complex [Source:HGNC Symbol;Acc:HGNC:25956];parent_gene_display_xref=VPS50""",
VAGGAAPSKPASAK,"ENSP05030039930.1 pep HG00673.pri.mat.f1_v2:JAHBBY010000039.1:63780424:63790282:1 gene:ENSG05030022854.1 transcript:ENST05030087136.1 gene_biotype:protein_coding transcript_biotype:protein_coding gene_symbol:NOLC1 description:""nucleolar and coiled-body phosphoprotein 1 [Source:HGNC Symbol;Acc:HGNC:15608];parent_gene_display_xref=NOLC1""",
VAGGAAPSKPASAK,"ENSP05030039931.1 pep HG00673.pri.mat.f1_v2:JAHBBY010000039.1:63780424:63790282:1 gene:ENSG05030022854.1 transcript:ENST05030087137.1 gene_biotype:protein_coding transcript_biotype:protein_coding gene_symbol:NOLC1 description:""nucleolar and coiled-body phosphoprotein 1 [Source:HGNC Symbol;Acc:HGNC:15608];parent_gene_display_xref=NOLC1""",
VAGGAAPSKPASAK,"ENSP05030039933.1 pep HG00673.pri.mat.f1_v2:JAHBBY010000039.1:63780424:63790282:1 gene:ENSG05030022854.1 transcript:ENST05030087139.1 gene_biotype:protein_coding transcript_biotype:protein_coding gene_symbol:NOLC1 description:""nucleolar and coiled-body phosphoprotein 1 [Source:HGNC Symbol;Acc:HGNC:15608];parent_gene_display_xref=NOLC1""",
VAGGAAPSKPASAK,"ENSP05030039937.1 pep HG00673.pri.mat.f1_v2:JAHBBY010000039.1:63780428:63790282:1 gene:ENSG05030022854.1 transcript:ENST05030087143.1 gene_biotype:protein_coding transcript_biotype:protein_coding gene_symbol:NOLC1 description:""nucleolar and coiled-body phosphoprotein 1 [Source:HGNC Symbol;Acc:HGNC:15608];parent_gene_display_xref=NOLC1""",
VIAALLQTMEDQGNQR,"ENSP05030002198.1 pep HG00673.pri.mat.f1_v2:JAHBBY010000032.1:11204111:11249238:1 gene:ENSG05030001463.1 transcript:ENST05030004956.1 gene_biotype:protein_coding transcript_biotype:protein_coding gene_symbol:IPO5 description:""importin 5 [Source:HGNC Symbol;Acc:HGNC:6402];parent_gene_display_xref=IPO5""",
VIAALLQTMEDQGNQR,"ENSP05030002209.1 pep HG00673.pri.mat.f1_v2:JAHBBY010000032.1:11204111:11249238:1 gene:ENSG05030001463.1 transcript:ENST05030004967.1 gene_biotype:protein_coding transcript_biotype:protein_coding gene_symbol:IPO5 description:""importin 5 [Source:HGNC Symbol;Acc:HGNC:6402];parent_gene_display_xref=IPO5""",
VIAALLQTMEDQGNQR,"ENSP05030002212.1 pep HG00673.pri.mat.f1_v2:JAHBBY010000032.1:11204111:11249238:1 gene:ENSG05030001463.1 transcript:ENST05030004970.1 gene_biotype:protein_coding transcript_biotype:protein_coding gene_symbol:IPO5 description:""importin 5 [Source:HGNC Symbol;Acc:HGNC:6402];parent_gene_display_xref=IPO5""",
VIAALLQTMEDQGNQR,"ENSP05030002215.1 pep HG00673.pri.mat.f1_v2:JAHBBY010000032.1:11204377:11249238:1 gene:ENSG05030001463.1 transcript:ENST05030004973.1 gene_biotype:protein_coding transcript_biotype:protein_coding gene_symbol:IPO5 description:""importin 5 [Source:HGNC Symbol;Acc:HGNC:6402];parent_gene_display_xref=IPO5""",
VIAALLQTMEDQGNQR,"ENSP05030002216.1 pep HG00673.pri.mat.f1_v2:JAHBBY010000032.1:11197196:11249238:1 gene:ENSG05030001463.1 transcript:ENST05030004981.1 gene_biotype:protein_coding transcript_biotype:protein_coding gene_symbol:IPO5 description:""importin 5 [Source:HGNC Symbol;Acc:HGNC:6402];parent_gene_display_xref=IPO5""",
VRLGDVISIQPCPDVK,"ENSP05030010921.1 pep HG00673.pri.mat.f1_v2:JAHBBY010000045.1:4205391:4220371:1 gene:ENSG05030006963.1 transcript:ENST05030024142.1 gene_biotype:protein_coding transcript_biotype:protein_coding gene_symbol:VCP description:""valosin containing protein [Source:HGNC Symbol;Acc:HGNC:12666];parent_gene_display_xref=VCP""",
VRLGDVISIQPCPDVK,"ENSP05030010922.1 pep HG00673.pri.mat.f1_v2:JAHBBY010000045.1:4209686:4220626:1 gene:ENSG05030006963.1 transcript:ENST05030024143.1 gene_biotype:protein_coding transcript_biotype:protein_coding gene_symbol:VCP description:""valosin containing protein [Source:HGNC Symbol;Acc:HGNC:12666];parent_gene_display_xref=VCP""",
VRLGDVISIQPCPDVK,"ENSP05030010924.1 pep HG00673.pri.mat.f1_v2:JAHBBY010000045.1:4205391:4220626:1 gene:ENSG05030006963.1 transcript:ENST05030024146.1 gene_biotype:protein_coding transcript_biotype:protein_coding gene_symbol:VCP description:""valosin containing protein [Source:HGNC Symbol;Acc:HGNC:12666];parent_gene_display_xref=VCP""",
VRLGDVISIQPCPDVK,"ENSP05030010925.1 pep HG00673.pri.mat.f1_v2:JAHBBY010000045.1:4205391:4215647:1 gene:ENSG05030006963.1 transcript:ENST05030024147.1 gene_biotype:protein_coding transcript_biotype:nonsense_mediated_decay gene_symbol:VCP description:""valosin containing protein [Source:HGNC Symbol;Acc:HGNC:12666];parent_gene_display_xref=VCP""",
VRLGDVISIQPCPDVK,"ENSP05030010927.1 pep HG00673.pri.mat.f1_v2:JAHBBY010000045.1:4205391:4220626:1 gene:ENSG05030006963.1 transcript:ENST05030024149.1 gene_biotype:protein_coding transcript_biotype:protein_coding gene_symbol:VCP description:""valosin containing protein [Source:HGNC Symbol;Acc:HGNC:12666];parent_gene_display_xref=VCP""",
VRLGDVISIQPCPDVK,"ENSP05030010928.1 pep HG00673.pri.mat.f1_v2:JAHBBY010000045.1:4209686:4220626:1 gene:ENSG05030006963.1 transcript:ENST05030024150.1 gene_biotype:protein_coding transcript_biotype:protein_coding gene_symbol:VCP description:""valosin containing protein [Source:HGNC Symbol;Acc:HGNC:12666];parent_gene_display_xref=VCP""",
VRLGDVISIQPCPDVK,"ENSP05030010929.1 pep HG00673.pri.mat.f1_v2:JAHBBY010000045.1:4205391:4220766:1 gene:ENSG05030006963.1 transcript:ENST05030024151.1 gene_biotype:protein_coding transcript_biotype:protein_coding gene_symbol:VCP description:""valosin containing protein [Source:HGNC Symbol;Acc:HGNC:12666];parent_gene_display_xref=VCP""",
VRLGDVISIQPCPDVK,"ENSP05030010930.1 pep HG00673.pri.mat.f1_v2:JAHBBY010000045.1:4205391:4220626:1 gene:ENSG05030006963.1 transcript:ENST05030024152.1 gene_biotype:protein_coding transcript_biotype:protein_coding gene_symbol:VCP description:""valosin containing protein [Source:HGNC Symbol;Acc:HGNC:12666];parent_gene_display_xref=VCP""",
VRLGDVISIQPCPDVK,"ENSP05030010931.1 pep HG00673.pri.mat.f1_v2:JAHBBY010000045.1:4209686:4220626:1 gene:ENSG05030006963.1 transcript:ENST05030024153.1 gene_biotype:protein_coding transcript_biotype:protein_coding gene_symbol:VCP description:""valosin containing protein [Source:HGNC Symbol;Acc:HGNC:12666];parent_gene_display_xref=VCP""",
VRLGDVISIQPCPDVK,"ENSP05030010932.1 pep HG00673.pri.mat.f1_v2:JAHBBY010000045.1:4205391:4218554:1 gene:ENSG05030006963.1 transcript:ENST05030024154.1 gene_biotype:protein_coding transcript_biotype:nonsense_mediated_decay gene_symbol:VCP description:""valosin containing protein [Source:HGNC Symbol;Acc:HGNC:12666];parent_gene_display_xref=VCP""",
VRLGDVISIQPCPDVK,"ENSP05030010933.1 pep HG00673.pri.mat.f1_v2:JAHBBY010000045.1:4209686:4220626:1 gene:ENSG05030006963.1 transcript:ENST05030024156.1 gene_biotype:protein_coding transcript_biotype:protein_coding gene_symbol:VCP description:""valosin containing protein [Source:HGNC Symbol;Acc:HGNC:12666];parent_gene_display_xref=VCP""",
VRLGDVISIQPCPDVK,"ENSP05030010934.1 pep HG00673.pri.mat.f1_v2:JAHBBY010000045.1:4205391:4216819:1 gene:ENSG05030006963.1 transcript:ENST05030024158.1 gene_biotype:protein_coding transcript_biotype:nonsense_mediated_decay gene_symbol:VCP description:""valosin containing protein [Source:HGNC Symbol;Acc:HGNC:12666];parent_gene_display_xref=VCP""",
